{"_id":"“大國者下流”","URL":"jyfw/002.htm","parent":"金庸","collection":"Class"}
{"_id":"《相思曲》与小說","URL":"jyfw/003.htm","parent":"金庸","collection":"Class"}
{"_id":"《蕭逸作品全集》自序","URL":"000/000.htm","parent":"蕭逸","collection":"Class"}
{"_id":"《蜀山》之外","URL":"xg/013.htm","parent":"還珠樓主","collection":"Class"}
{"_id":"一代天驕","URL":"ydtj/index.html","parent":"臥龍生","collection":"Class"}
{"_id":"一劍光寒起書樓","URL":"yjghqsl/index.html","parent":"憶文","collection":"Class"}
{"_id":"一劍懸肝膽","URL":"yjxgd/index.html","parent":"慕容美","collection":"Class"}
{"_id":"一品紅","URL":"yph/index.html","parent":"慕容美","collection":"Class"}
{"_id":"一鈴半劍","URL":"ylbj/index.html","parent":"諸葛青云","collection":"Class"}
{"_id":"七劍下天山","URL":"qjxts/index.html","parent":"梁羽生","collection":"Class"}
{"_id":"七星劍","URL":"qxj/index.html","parent":"慕容美","collection":"Class"}
{"_id":"七星龍王","URL":"qxlw/index.html","parent":"古龍","collection":"Class"}
{"_id":"七步干戈","URL":"qbgg/index.html","parent":"上官鼎","collection":"Class"}
{"_id":"七殺手","URL":"qss/index.html","parent":"古龍","collection":"Class"}
{"_id":"七海飛龍記","URL":"qhflj/index.html","parent":"柳殘陽","collection":"Class"}
{"_id":"七种武器","URL":"qzwq/index.html","parent":"古龍","collection":"Class"}
{"_id":"万丈豪情","URL":"wzhq/index.html","parent":"司馬紫煙","collection":"Class"}
{"_id":"万里孤俠","URL":"wlgx/index.html","parent":"還珠樓主","collection":"Class"}
{"_id":"万里江山一孤騎","URL":"wljsygq/index.html","parent":"司馬紫煙","collection":"Class"}
{"_id":"三十三劍客圖","URL":"002/001.htm","parent":"金庸","collection":"Class"}
{"_id":"三小小闖江湖","URL":"sxxcjh/index.html","parent":"臥龍生","collection":"Class"}
{"_id":"三少爺的劍","URL":"ssydj/index.html","parent":"古龍","collection":"Class"}
{"_id":"三拆劍","URL":"scj/index.html","parent":"東方白","collection":"Class"}
{"_id":"三皇圣君","URL":"shsj/index.html","parent":"陳青云","collection":"Class"}
{"_id":"上官鼎","URL":"s/shangguanding/index.html","parent":"武俠小說","collection":"Class"}
{"_id":"上帝之謎","URL":"sdzm/index.html","parent":"黃易","collection":"Class"}
{"_id":"不了仇","URL":"000/007.htm","parent":"倪匡","collection":"Class"}
{"_id":"不死天龍","URL":"bsjl/index.html","parent":"金康","collection":"Class"}
{"_id":"丐王","URL":"gw/index.html","parent":"謝天","collection":"Class"}
{"_id":"丑劍客","URL":"cjk/index.html","parent":"陳青云","collection":"Class"}
{"_id":"中國第一具僵尸","URL":"zgdyjjs/index.html","parent":"黃鷹","collection":"Class"}
{"_id":"中華英雄","URL":"zhyx/index.html","parent":"馬榮成","collection":"Class"}
{"_id":"丹云","URL":"d/danyun/index.html","parent":"武俠小說","collection":"Class"}
{"_id":"丹鳳針","URL":"dfz/index.html","parent":"司馬翎","collection":"Class"}
{"_id":"九天箭神","URL":"jtjs/index.html","parent":"馬榮成","collection":"Class"}
{"_id":"九州封神錄","URL":"jzfsl/index.html","parent":"司馬紫煙","collection":"Class"}
{"_id":"九月鷹飛","URL":"jyyf/index.html","parent":"古龍","collection":"Class"}
{"_id":"九華腥風","URL":"jhxf/index.html","parent":"云中岳","collection":"Class"}
{"_id":"九轉蕭","URL":"jzx/index.html","parent":"東方玉","collection":"Class"}
{"_id":"九陰九陽","URL":"jyjy/index.html","parent":"金庸新","collection":"Class"}
{"_id":"也談對聯","URL":"jyfw/011.htm","parent":"金庸","collection":"Class"}
{"_id":"于東樓","URL":"y/yudonglou/index.html","parent":"武俠小說","collection":"Class"}
{"_id":"云中岳","URL":"y/yunzhongyue/index.html","parent":"武俠小說","collection":"Class"}
{"_id":"云海爭奇記","URL":"yhzqj/index.html","parent":"還珠樓主","collection":"Class"}
{"_id":"云海玉弓緣","URL":"yhygy/index.html","parent":"梁羽生","collection":"Class"}
{"_id":"五岳狂客","URL":"wykk/index.html","parent":"云中岳","collection":"Class"}
{"_id":"五胡戰史","URL":"wccs/index.html","parent":"周顯","collection":"Class"}
{"_id":"五鳳纏龍","URL":"wfcl/index.html","parent":"天宇","collection":"Class"}
{"_id":"亡命天涯","URL":"wmty/index.html","parent":"陳青云","collection":"Class"}
{"_id":"亡命客","URL":"wmk/index.html","parent":"云中岳","collection":"Class"}
{"_id":"亡魂客","URL":"whk/index.html","parent":"云中岳","collection":"Class"}
{"_id":"京華魅影","URL":"jhmy/index.html","parent":"云中岳","collection":"Class"}
{"_id":"今宵月下劍","URL":"jxyxj/index.html","parent":"蕭逸","collection":"Class"}
{"_id":"仙劍","URL":"xj/index.html","parent":"司馬紫煙","collection":"Class"}
{"_id":"仙劍佛刀","URL":"xjfd/index.html","parent":"司馬翎","collection":"Class"}
{"_id":"令狐庸","URL":"l/linghuyong/index.html","parent":"武俠小說","collection":"Class"}
{"_id":"佛門异功","URL":"fmyg/index.html","parent":"鬼谷子","collection":"Class"}
{"_id":"作者簡介","URL":"000/author.htm","parent":"黃易","collection":"Class"}
{"_id":"俠丐木尊者","URL":"xgmzz/index.html","parent":"還珠樓主","collection":"Class"}
{"_id":"俠客行","URL":"xkx/index.html","parent":"金庸","collection":"Class"}
{"_id":"俠影紅顏","URL":"xyhy/index.html","parent":"云中岳","collection":"Class"}
{"_id":"俠盜來如風","URL":"xdlrf/index.html","parent":"柳殘陽","collection":"Class"}
{"_id":"俠義行","URL":"xyx/index.html","parent":"高庸","collection":"Class"}
{"_id":"俠骨丹心","URL":"xgdx/index.html","parent":"梁羽生","collection":"Class"}
{"_id":"俠骨殘肢","URL":"xgcz/index.html","parent":"上官鼎","collection":"Class"}
{"_id":"修羅七絕","URL":"xlqj/index.html","parent":"柳殘陽","collection":"Class"}
{"_id":"倚天屠龍記","URL":"yttlj/index.html","parent":"金庸","collection":"Class"}
{"_id":"倪匡","URL":"n/nikuang/index.html","parent":"武俠小說","collection":"Class"}
{"_id":"傲爺刀","URL":"ayd/index.html","parent":"柳殘陽","collection":"Class"}
{"_id":"傾城之戀","URL":"qczl/index.html","parent":"馬榮成","collection":"Class"}
{"_id":"光神","URL":"gs/index.html","parent":"黃易","collection":"Class"}
{"_id":"八仙怪功","URL":"bxgg/index.html","parent":"鬼谷子","collection":"Class"}
{"_id":"八俊杰","URL":"bjj/index.html","parent":"倪匡","collection":"Class"}
{"_id":"八极游龍","URL":"bjyl/index.html","parent":"云中岳","collection":"Class"}
{"_id":"八荒龍蛇","URL":"bhls/index.html","parent":"云中岳","collection":"Class"}
{"_id":"八表雄風","URL":"bbxf/index.html","parent":"司馬翎","collection":"Class"}
{"_id":"八駿雄風","URL":"bjxf/index.html","parent":"司馬紫煙","collection":"Class"}
{"_id":"公孫千羽","URL":"g/gongsunqianyu/index.html","parent":"武俠小說","collection":"Class"}
{"_id":"公孫小刀","URL":"gsxd/index.html","parent":"李涼","collection":"Class"}
{"_id":"六寶江湖行","URL":"lbjhx/index.html","parent":"李涼","collection":"Class"}
{"_id":"六指琴魔","URL":"nzqm/index.html","parent":"倪匡","collection":"Class"}
{"_id":"六指琴魔續集","URL":"nzqmxj/index.html","parent":"倪匡","collection":"Class"}
{"_id":"六月飛霜","URL":"lyfs/index.html","parent":"司馬紫煙","collection":"Class"}
{"_id":"六道天書","URL":"ldts/index.html","parent":"劉定堅","collection":"Class"}
{"_id":"兵書峽","URL":"bsx/index.html","parent":"還珠樓主","collection":"Class"}
{"_id":"再見無名","URL":"zjwm/index.html","parent":"馬榮成","collection":"Class"}
{"_id":"冬眠先生","URL":"dmxs/index.html","parent":"蕭逸","collection":"Class"}
{"_id":"冰天俠侶","URL":"000/003.htm","parent":"倪匡","collection":"Class"}
{"_id":"冰川天女傳","URL":"bctnz/index.html","parent":"梁羽生","collection":"Class"}
{"_id":"冰河洗劍錄","URL":"bhxjl/index.html","parent":"梁羽生","collection":"Class"}
{"_id":"冰魄寒光劍","URL":"bphgj/index.html","parent":"梁羽生","collection":"Class"}
{"_id":"冷劍烈女","URL":"ljln/index.html","parent":"司馬紫煙","collection":"Class"}
{"_id":"冷劍烈女續","URL":"ljlnx/index.html","parent":"司馬紫煙","collection":"Class"}
{"_id":"冷面刀客","URL":"lmdk/index.html","parent":"云中岳","collection":"Class"}
{"_id":"冷香谷","URL":"lxg/index.html","parent":"憶文","collection":"Class"}
{"_id":"凌風飛燕","URL":"lffy/index.html","parent":"云中岳","collection":"Class"}
{"_id":"凝霜劍","URL":"nsj/index.html","parent":"蕭逸","collection":"Class"}
{"_id":"凝風天下","URL":"nftx/index.html","parent":"奇儒","collection":"Class"}
{"_id":"刀劍笑新傳","URL":"djxxz/index.html","parent":"劉定堅","collection":"Class"}
{"_id":"刀影瑤姬","URL":"dyyj/index.html","parent":"司馬翎","collection":"Class"}
{"_id":"刀神","URL":"ds/index.html","parent":"獨孤紅","collection":"Class"}
{"_id":"創世紀","URL":"000/006.htm","parent":"黃易","collection":"Class"}
{"_id":"劉定堅","URL":"l/liudingjian/index.html","parent":"武俠小說","collection":"Class"}
{"_id":"劉錚","URL":"l/liuzheng/index.html","parent":"武俠小說","collection":"Class"}
{"_id":"劍亭","URL":"j/jianting/index.html","parent":"武俠小說","collection":"Class"}
{"_id":"劍仙傳奇","URL":"jxcq/index.html","parent":"蕭逸","collection":"Class"}
{"_id":"劍傲霜寒","URL":"ajsh/index.html","parent":"陳青云","collection":"Class"}
{"_id":"劍公子","URL":"jgz/index.html","parent":"東方玉","collection":"Class"}
{"_id":"劍嘯荒原","URL":"jxhy/index.html","parent":"云中岳","collection":"Class"}
{"_id":"劍在天涯","URL":"jzty/index.html","parent":"云中岳","collection":"Class"}
{"_id":"劍壘情關","URL":"jlqg/index.html","parent":"云中岳","collection":"Class"}
{"_id":"劍客行","URL":"jkx/index.html","parent":"古龍","collection":"Class"}
{"_id":"劍底揚塵","URL":"jdyc/index.html","parent":"云中岳","collection":"Class"}
{"_id":"劍影寒","URL":"jyh/index.html","parent":"云中岳","collection":"Class"}
{"_id":"劍毒梅香","URL":"jdmx/index.html","parent":"古龍","collection":"Class"}
{"_id":"劍气千幻錄","URL":"jqqhl/index.html","parent":"司馬翎","collection":"Class"}
{"_id":"劍气嚴霜","URL":"jqys/index.html","parent":"古龍","collection":"Class"}
{"_id":"劍气紅顏","URL":"jqhy/index.html","parent":"蕭逸","collection":"Class"}
{"_id":"劍气縱橫三万里","URL":"jqzhswl/index.html","parent":"墨余生","collection":"Class"}
{"_id":"劍气騰空","URL":"jqtk/index.html","parent":"東方玉","collection":"Class"}
{"_id":"劍海情濤","URL":"jhqt/index.html","parent":"云中岳","collection":"Class"}
{"_id":"劍海騰龍","URL":"jhtl/index.html","parent":"云中岳","collection":"Class"}
{"_id":"劍海鷹揚","URL":"jhyy/index.html","parent":"司馬翎","collection":"Class"}
{"_id":"劍玄錄","URL":"jxl/index.html","parent":"古龍","collection":"Class"}
{"_id":"劍神","URL":"js/index.html","parent":"司馬紫煙","collection":"Class"}
{"_id":"劍神一笑","URL":"jsyx/index.html","parent":"古龍","collection":"Class"}
{"_id":"劍神傳","URL":"jsz/index.html","parent":"司馬翎","collection":"Class"}
{"_id":"劍网塵絲","URL":"jwsc/index.html","parent":"梁羽生","collection":"Class"}
{"_id":"劍膽琴魂記","URL":"jdqhj/index.html","parent":"司馬翎","collection":"Class"}
{"_id":"劍花煙雨江南","URL":"jhyyjn/index.html","parent":"古龍","collection":"Class"}
{"_id":"劍花紅","URL":"jhh/index.html","parent":"獨孤紅","collection":"Class"}
{"_id":"劍風傳奇","URL":"jfcq/index.html","parent":"無极","collection":"Class"}
{"_id":"劍魔獨孤求敗","URL":"jmdgqb/index.html","parent":"令狐庸","collection":"Class"}
{"_id":"力","URL":"l/index.html","parent":"還珠樓主","collection":"Class"}
{"_id":"劫后恩仇","URL":"jhef/index.html","parent":"柳殘陽","collection":"Class"}
{"_id":"北國初春有所思","URL":"jyfw/004.htm","parent":"金庸","collection":"Class"}
{"_id":"北山惊龍","URL":"bsjl/index.html","parent":"東方玉","collection":"Class"}
{"_id":"北海屠龍記","URL":"bhtlj/index.html","parent":"還珠樓主","collection":"Class"}
{"_id":"匣劍凝霜","URL":"xjns/index.html","parent":"云中岳","collection":"Class"}
{"_id":"十三太保","URL":"rstb/index.html","parent":"倪匡","collection":"Class"}
{"_id":"十二魔令","URL":"seml/index.html","parent":"臥龍生","collection":"Class"}
{"_id":"十劍表雄風","URL":"sjbxf/index.html","parent":"陳青云","collection":"Class"}
{"_id":"十年孤劍滄海盟","URL":"sngjchm/index.html","parent":"武林樵子","collection":"Class"}
{"_id":"十方瘟神","URL":"swws/index.html","parent":"柳殘陽","collection":"Class"}
{"_id":"十錦圖","URL":"sjt/index.html","parent":"蕭逸","collection":"Class"}
{"_id":"千神劫之再世情緣","URL":"qsj/index.html","parent":"馬榮成","collection":"Class"}
{"_id":"千魔之仇","URL":"qmzc/index.html","parent":"柳殘陽","collection":"Class"}
{"_id":"午夜蘭花","URL":"wylh/index.html","parent":"古龍","collection":"Class"}
{"_id":"南疆飛龍記","URL":"njfl/index.html","parent":"司馬紫煙","collection":"Class"}
{"_id":"又見混混","URL":"yjhh/index.html","parent":"李莫野","collection":"Class"}
{"_id":"古今決","URL":"gjj/index.html","parent":"無极","collection":"Class"}
{"_id":"古劍強龍","URL":"gjql/index.html","parent":"云中岳","collection":"Class"}
{"_id":"古龍","URL":"g/gulong/index.html","parent":"武俠小說","collection":"Class"}
{"_id":"古龍作品目錄","URL":"001/mulu.htm","parent":"古龍","collection":"Class"}
{"_id":"古龍妙論精選","URL":"001/001.htm","parent":"古龍","collection":"Class"}
{"_id":"古龍簡介","URL":"001/introduce.htm","parent":"古龍","collection":"Class"}
{"_id":"司馬紫煙","URL":"s/simaziyan/index.html","parent":"武俠小說","collection":"Class"}
{"_id":"司馬翎","URL":"s/simaling/index.html","parent":"武俠小說","collection":"Class"}
{"_id":"同心劍","URL":"txj/index.html","parent":"東方玉","collection":"Class"}
{"_id":"同歸于盡","URL":"000/007.htm","parent":"黃易","collection":"Class"}
{"_id":"名劍風流","URL":"mjfl/index.html","parent":"古龍","collection":"Class"}
{"_id":"后羿神弓","URL":"hysg/index.html","parent":"周顯","collection":"Class"}
{"_id":"吸血蛾","URL":"xxe/index.html","parent":"黃鷹","collection":"Class"}
{"_id":"周郎","URL":"z/zhoulang/index.html","parent":"武俠小說","collection":"Class"}
{"_id":"周顯","URL":"z/zhouxian/index.html","parent":"武俠小說","collection":"Class"}
{"_id":"啞俠","URL":"000/001.htm","parent":"倪匡","collection":"Class"}
{"_id":"四大天王之夜叉","URL":"yc/index.html","parent":"馬榮成","collection":"Class"}
{"_id":"四海游騎","URL":"shyq/index.html","parent":"云中岳","collection":"Class"}
{"_id":"四海鷹揚","URL":"shyy/index.html","parent":"云中岳","collection":"Class"}
{"_id":"回憶父親還珠樓主","URL":"xg/005.htm","parent":"還珠樓主","collection":"Class"}
{"_id":"圍棋雜談","URL":"jyfw/010.htm","parent":"金庸","collection":"Class"}
{"_id":"圓月彎刀","URL":"yywd/index.html","parent":"古龍","collection":"Class"}
{"_id":"圣劍飛霜","URL":"sjfs/index.html","parent":"司馬翎","collection":"Class"}
{"_id":"圣女","URL":"sn/index.html","parent":"黃易","collection":"Class"}
{"_id":"域外天魔","URL":"ywtm/index.html","parent":"黃易","collection":"Class"}
{"_id":"塞外奇俠傳","URL":"swqxz/index.html","parent":"梁羽生","collection":"Class"}
{"_id":"墨余生","URL":"m/moyusheng/index.html","parent":"武俠小說","collection":"Class"}
{"_id":"多情劍客無情劍(","URL":"dqjkwqj/index.html","parent":"古龍","collection":"Class"}
{"_id":"多情浪子","URL":"dqlz/index.html","parent":"司馬紫煙","collection":"Class"}
{"_id":"大人物","URL":"drw/index.html","parent":"古龍","collection":"Class"}
{"_id":"大俠沈胜衣","URL":"dxssy/index.html","parent":"黃鷹","collection":"Class"}
{"_id":"大俠狄龍子","URL":"dxdlz/index.html","parent":"還珠樓主","collection":"Class"}
{"_id":"大俠的刀砍向大俠","URL":"dxddkxdx/index.html","parent":"奇儒","collection":"Class"}
{"_id":"大俠風清揚","URL":"dxfqy/index.html","parent":"金庸新","collection":"Class"}
{"_id":"大俠魂","URL":"dxh/index.html","parent":"司馬翎","collection":"Class"}
{"_id":"大刺客","URL":"dck/index.html","parent":"云中岳","collection":"Class"}
{"_id":"大劍師","URL":"djs/index.html","parent":"黃易","collection":"Class"}
{"_id":"大唐雙龍傳","URL":"dtslz/index.html","parent":"黃易","collection":"Class"}
{"_id":"大地飛鷹","URL":"ddfy/index.html","parent":"古龍","collection":"Class"}
{"_id":"大地龍騰","URL":"ddlt/index.html","parent":"云中岳","collection":"Class"}
{"_id":"大悲咒","URL":"dbz/index.html","parent":"奇儒","collection":"Class"}
{"_id":"大手印","URL":"dsy/index.html","parent":"奇儒","collection":"Class"}
{"_id":"大旗英雄傳","URL":"dqyxz/index.html","parent":"古龍","collection":"Class"}
{"_id":"大沙漠","URL":"dsm/index.html","parent":"古龍","collection":"Class"}
{"_id":"大漠英雄","URL":"dmyx/index.html","parent":"還珠樓主","collection":"Class"}
{"_id":"大煞手","URL":"dss/index.html","parent":"柳殘陽","collection":"Class"}
{"_id":"大英雄","URL":"dyx/index.html","parent":"司馬紫煙","collection":"Class"}
{"_id":"大雪滿弓刀","URL":"dxmgd/index.html","parent":"柳殘陽","collection":"Class"}
{"_id":"大雷神","URL":"dls/index.html","parent":"司馬紫煙","collection":"Class"}
{"_id":"天下第一奇書","URL":"xg/006.htm","parent":"還珠樓主","collection":"Class"}
{"_id":"天下第二人","URL":"txder/index.html","parent":"陳青云","collection":"Class"}
{"_id":"天哭","URL":"tk/index.html","parent":"馬榮成","collection":"Class"}
{"_id":"天地決","URL":"tdj/index.html","parent":"無极","collection":"Class"}
{"_id":"天子傳奇","URL":"tzcq/index.html","parent":"黃易","collection":"Class"}
{"_id":"天宇","URL":"t/tianyu/index.html","parent":"武俠小說","collection":"Class"}
{"_id":"天山飛俠","URL":"tsfx/index.html","parent":"還珠樓主","collection":"Class"}
{"_id":"天岸馬","URL":"tam/index.html","parent":"蕭逸","collection":"Class"}
{"_id":"天師傳奇","URL":"tscq/index.html","parent":"江和","collection":"Class"}
{"_id":"天才小痴","URL":"tcxc/index.html","parent":"李莫野","collection":"Class"}
{"_id":"天才混混","URL":"tchh/index.html","parent":"李莫野","collection":"Class"}
{"_id":"天机大俠劉伯溫","URL":"tjdxlbw/index.html","parent":"云中岳","collection":"Class"}
{"_id":"天涯俠侶","URL":"tyxl/index.html","parent":"臥龍生","collection":"Class"}
{"_id":"天涯明月刀","URL":"tymyd/index.html","parent":"古龍","collection":"Class"}
{"_id":"天涯江湖路","URL":"tyjhl/index.html","parent":"云中岳","collection":"Class"}
{"_id":"天絕刀","URL":"tjd/index.html","parent":"司馬翎","collection":"Class"}
{"_id":"天蚕再變","URL":"tczb/index.html","parent":"黃鷹","collection":"Class"}
{"_id":"天蚕變","URL":"tcb/index.html","parent":"黃鷹","collection":"Class"}
{"_id":"天馬行空","URL":"tmxk/index.html","parent":"司馬紫煙","collection":"Class"}
{"_id":"天馬霜衣","URL":"tmsy/index.html","parent":"臥龍生","collection":"Class"}
{"_id":"天魁星","URL":"tkx/index.html","parent":"柳殘陽","collection":"Class"}
{"_id":"天魔","URL":"tm/index.html","parent":"黃鷹","collection":"Class"}
{"_id":"天魔刀","URL":"tmd/index.html","parent":"黃鷹","collection":"Class"}
{"_id":"天鶴譜","URL":"thp/index.html","parent":"臥龍生","collection":"Class"}
{"_id":"天齊大帝","URL":"tqdd/index.html","parent":"李涼","collection":"Class"}
{"_id":"天龍八部","URL":"tlbb/index.html","parent":"金庸","collection":"Class"}
{"_id":"天龍卷","URL":"tlj/index.html","parent":"高庸","collection":"Class"}
{"_id":"天龍甲","URL":"tlj/index.html","parent":"臥龍生","collection":"Class"}
{"_id":"太歲當道","URL":"tsdd/index.html","parent":"江和","collection":"Class"}
{"_id":"太空腦","URL":"tkn/index.html","parent":"無极","collection":"Class"}
{"_id":"太蒼之龍","URL":"tczl/index.html","parent":"蕭逸","collection":"Class"}
{"_id":"失魂引","URL":"shy/index.html","parent":"古龍","collection":"Class"}
{"_id":"奇俠楊小邪","URL":"qxyxx/index.html","parent":"李涼","collection":"Class"}
{"_id":"奇俠楊小邪續集","URL":"qxyxxxj/index.html","parent":"李涼","collection":"Class"}
{"_id":"奇儒","URL":"q/qiru/index.html","parent":"武俠小說","collection":"Class"}
{"_id":"奇兵系列之九合掌","URL":"jhz/index.html","parent":"周郎","collection":"Class"}
{"_id":"奇兵系列之合歡梳","URL":"hhs/index.html","parent":"周郎","collection":"Class"}
{"_id":"奇兵系列之美人拳","URL":"mrq/index.html","parent":"周郎","collection":"Class"}
{"_id":"奇兵系列之金花鞭","URL":"jhb/index.html","parent":"周郎","collection":"Class"}
{"_id":"奪珠","URL":"dz/index.html","parent":"無极","collection":"Class"}
{"_id":"奪金魔俠","URL":"djmx/index.html","parent":"司馬紫煙","collection":"Class"}
{"_id":"女帝奇英傳","URL":"ndqyz/index.html","parent":"梁羽生","collection":"Class"}
{"_id":"女捕頭","URL":"nbt/index.html","parent":"臥龍生","collection":"Class"}
{"_id":"女浪子","URL":"nlz/index.html","parent":"云中岳","collection":"Class"}
{"_id":"如來八法","URL":"rlbf/index.html","parent":"柳殘陽","collection":"Class"}
{"_id":"妙手天驕","URL":"msdj/index.html","parent":"李笑佛","collection":"Class"}
{"_id":"妙英雄","URL":"myx/index.html","parent":"司馬紫煙","collection":"Class"}
{"_id":"妙賊丁小勾","URL":"mzdxg/index.html","parent":"李涼","collection":"Class"}
{"_id":"妙賊丁小勾續集","URL":"mzdxgxj/index.html","parent":"李涼","collection":"Class"}
{"_id":"孤劍","URL":"gj/index.html","parent":"上官鼎","collection":"Class"}
{"_id":"孤戰天下","URL":"gztx/index.html","parent":"無极","collection":"Class"}
{"_id":"孤星傳","URL":"gxz/index.html","parent":"古龍","collection":"Class"}
{"_id":"宗師大舞","URL":"zsdw/index.html","parent":"奇儒","collection":"Class"}
{"_id":"寒劍如風","URL":"002/001.htm","parent":"易容","collection":"Class"}
{"_id":"射虎","URL":"000/002.htm","parent":"劉錚","collection":"Class"}
{"_id":"射雕英雄傳","URL":"sdyxz/index.html","parent":"金庸","collection":"Class"}
{"_id":"尋秦記","URL":"xqj/index.html","parent":"黃易","collection":"Class"}
{"_id":"尋鼎記","URL":"xdj/index.html","parent":"黃易","collection":"Class"}
{"_id":"尋龍記","URL":"xlj/index.html","parent":"無极","collection":"Class"}
{"_id":"小郎的絕招","URL":"xldjz/index.html","parent":"臥龍生","collection":"Class"}
{"_id":"小鬼大贏家","URL":"xgdyj/index.html","parent":"李涼","collection":"Class"}
{"_id":"小魔神","URL":"xms/index.html","parent":"云中岳","collection":"Class"}
{"_id":"小魚吃大魚","URL":"xyzdy/index.html","parent":"李涼","collection":"Class"}
{"_id":"少年浪子","URL":"snlz/index.html","parent":"岳凡","collection":"Class"}
{"_id":"少林英雄傳","URL":"snyxz/index.html","parent":"應天魚","collection":"Class"}
{"_id":"岳凡","URL":"y/yuefan/index.html","parent":"武俠小說","collection":"Class"}
{"_id":"岳小玉","URL":"yxy/index.html","parent":"臥龍生","collection":"Class"}
{"_id":"岳小釵","URL":"yxc/index.html","parent":"臥龍生","collection":"Class"}
{"_id":"岳飛傳","URL":"yfz/index.html","parent":"還珠樓主","collection":"Class"}
{"_id":"峨眉七矮","URL":"emqa/index.html","parent":"還珠樓主","collection":"Class"}
{"_id":"帝王絕學","URL":"dwjx/index.html","parent":"奇儒","collection":"Class"}
{"_id":"帝疆爭雄記","URL":"djzxj/index.html","parent":"司馬翎","collection":"Class"}
{"_id":"幻劍情花","URL":"hjqh/index.html","parent":"云中岳","collection":"Class"}
{"_id":"幻劍靈旗","URL":"hjlq/index.html","parent":"梁羽生","collection":"Class"}
{"_id":"幻影情刀","URL":"hyqd/index.html","parent":"云中岳","collection":"Class"}
{"_id":"幽靈山庄","URL":"ylsz/index.html","parent":"古龍","collection":"Class"}
{"_id":"幽靈船","URL":"ylc/index.html","parent":"黃易","collection":"Class"}
{"_id":"康熙朝的机密奏折","URL":"000/004.htm","parent":"金庸","collection":"Class"}
{"_id":"廣陵劍","URL":"glj/index.html","parent":"梁羽生","collection":"Class"}
{"_id":"异能警察","URL":"000/003.htm","parent":"黃易","collection":"Class"}
{"_id":"异靈","URL":"yl/index.html","parent":"黃易","collection":"Class"}
{"_id":"引劍珠","URL":"yzj/index.html","parent":"東方玉","collection":"Class"}
{"_id":"彈指惊雷","URL":"tzjl/index.html","parent":"梁羽生","collection":"Class"}
{"_id":"彈笑出刀","URL":"txcd/index.html","parent":"奇儒","collection":"Class"}
{"_id":"彩環曲","URL":"chq/index.html","parent":"古龍","collection":"Class"}
{"_id":"征輪俠影","URL":"lzxy/index.html","parent":"還珠樓主","collection":"Class"}
{"_id":"從《蜀山》到《十九俠》","URL":"xg/011.htm","parent":"還珠樓主","collection":"Class"}
{"_id":"心變","URL":"xb/index.html","parent":"無极","collection":"Class"}
{"_id":"快意江湖","URL":"kyjh/index.html","parent":"奇儒","collection":"Class"}
{"_id":"快樂和庄嚴","URL":"jyfw/005.htm","parent":"金庸","collection":"Class"}
{"_id":"快樂強盜","URL":"klqd/index.html","parent":"李涼","collection":"Class"}
{"_id":"怒劍狂花","URL":"njkh/index.html","parent":"古龍","collection":"Class"}
{"_id":"怒馬香車","URL":"nmxc/index.html","parent":"諸葛青云","collection":"Class"}
{"_id":"怜花印珮","URL":"lhyp/index.html","parent":"云中岳","collection":"Class"}
{"_id":"悲歌","URL":"bg/index.html","parent":"司馬紫煙","collection":"Class"}
{"_id":"情人劍","URL":"qrj1/index.html","parent":"古龍","collection":"Class"}
{"_id":"情劍山河","URL":"qjsh/index.html","parent":"司馬紫煙","collection":"Class"}
{"_id":"情天煉獄","URL":"qtly/index.html","parent":"云中岳","collection":"Class"}
{"_id":"情約","URL":"003/2.htm","parent":"黃易","collection":"Class"}
{"_id":"惊世大預言","URL":"001/002.htm","parent":"黃易","collection":"Class"}
{"_id":"惊世少年","URL":"jssn/index.html","parent":"馬榮成","collection":"Class"}
{"_id":"惊幻之旅","URL":"jhzl/index.html","parent":"無极","collection":"Class"}
{"_id":"慕容美","URL":"m/murongmei/index.html","parent":"武俠小說","collection":"Class"}
{"_id":"慧劍心魔","URL":"hjxm/index.html","parent":"梁羽生","collection":"Class"}
{"_id":"憶文","URL":"y/yiwen/index.html","parent":"武俠小說","collection":"Class"}
{"_id":"應天魚","URL":"y/yingtianyu/index.html","parent":"武俠小說","collection":"Class"}
{"_id":"成吉思汗","URL":"cjsh/index.html","parent":"黃易","collection":"Class"}
{"_id":"我所認識的還珠樓主","URL":"xg/001.htm","parent":"還珠樓主","collection":"Class"}
{"_id":"我獨行","URL":"wdx/index.html","parent":"云中岳","collection":"Class"}
{"_id":"扣劍獨笑","URL":"kjdx/index.html","parent":"奇儒","collection":"Class"}
{"_id":"拂曉刺殺","URL":"fxcs/index.html","parent":"柳殘陽","collection":"Class"}
{"_id":"拳王","URL":"qw/index.html","parent":"還珠樓主","collection":"Class"}
{"_id":"挂劍懸情記","URL":"gjxqj/index.html","parent":"司馬翎","collection":"Class"}
{"_id":"挑燈看劍","URL":"tdkj/index.html","parent":"蕭逸","collection":"Class"}
{"_id":"揚威海外","URL":"ywhw/index.html","parent":"無极","collection":"Class"}
{"_id":"換天","URL":"000/009.htm","parent":"黃易","collection":"Class"}
{"_id":"搖花放鷹傳","URL":"yhfyz/index.html","parent":"臥龍生","collection":"Class"}
{"_id":"搜神傳","URL":"ssj/index.html","parent":"岳凡","collection":"Class"}
{"_id":"搜神篇","URL":"ssp/index.html","parent":"馬榮成","collection":"Class"}
{"_id":"摘星手","URL":"zxs/index.html","parent":"司馬翎","collection":"Class"}
{"_id":"故劍","URL":"000/008.htm","parent":"倪匡","collection":"Class"}
{"_id":"故劍情深","URL":"gjqs/index.html","parent":"云中岳","collection":"Class"}
{"_id":"故鄉","URL":"000/001.htm","parent":"黃易","collection":"Class"}
{"_id":"散花女俠","URL":"shnx/index.html","parent":"梁羽生","collection":"Class"}
{"_id":"文明之秘","URL":"001/001.htm","parent":"黃易","collection":"Class"}
{"_id":"新仙鶴神針","URL":"xxhsz/index.html","parent":"臥龍生","collection":"Class"}
{"_id":"新月傳奇","URL":"xycq/index.html","parent":"古龍","collection":"Class"}
{"_id":"新月劍","URL":"xyj/index.html","parent":"司馬紫煙","collection":"Class"}
{"_id":"新月美人刀","URL":"xymrd/index.html","parent":"東方玉","collection":"Class"}
{"_id":"新獨臂刀","URL":"xdbd/index.html","parent":"倪匡","collection":"Class"}
{"_id":"新蜀山劍俠傳","URL":"xssjxz/index.html","parent":"李涼","collection":"Class"}
{"_id":"新蜀山劍俠傳續","URL":"xssjxzx/index.html","parent":"李涼","collection":"Class"}
{"_id":"斷刃","URL":"dr/index.html","parent":"柳殘陽","collection":"Class"}
{"_id":"斷腸紅","URL":"dch/index.html","parent":"獨孤紅","collection":"Class"}
{"_id":"斷腸花","URL":"dch/index.html","parent":"柳殘陽","collection":"Class"}
{"_id":"斷腸鏢","URL":"dcb/index.html","parent":"司馬翎","collection":"Class"}
{"_id":"斷臂——天子敗","URL":"db/index.html","parent":"劉定堅","collection":"Class"}
{"_id":"斷魂血琵琶","URL":"dhxpp/index.html","parent":"云中岳","collection":"Class"}
{"_id":"易容","URL":"y/yirong/index.html","parent":"武俠小說","collection":"Class"}
{"_id":"星落九天","URL":"xljt/index.html","parent":"云中岳","collection":"Class"}
{"_id":"星際浪子","URL":"xjlz/index.html","parent":"黃易","collection":"Class"}
{"_id":"星魂","URL":"xh/index.html","parent":"柳殘陽","collection":"Class"}
{"_id":"春秋筆","URL":"cqb/index.html","parent":"臥龍生","collection":"Class"}
{"_id":"時空浪族","URL":"sklz/index.html","parent":"黃易","collection":"Class"}
{"_id":"暗器高手","URL":"aqgs/index.html","parent":"李涼","collection":"Class"}
{"_id":"書劍恩仇錄","URL":"sjecl/index.html","parent":"金庸","collection":"Class"}
{"_id":"書劍恩仇錄（英文版）","URL":"sjee/index.html","parent":"金庸","collection":"Class"}
{"_id":"書的“續集”","URL":"jyfw/008.htm","parent":"金庸","collection":"Class"}
{"_id":"曹若冰","URL":"c/caoruobing/index.html","parent":"武俠小說","collection":"Class"}
{"_id":"最后戰士","URL":"000/002.htm","parent":"黃易","collection":"Class"}
{"_id":"會醉才會贏","URL":"hzchy/index.html","parent":"李莫野","collection":"Class"}
{"_id":"月下老人祠的簽詞","URL":"jyfw/012.htm","parent":"金庸","collection":"Class"}
{"_id":"月异星邪","URL":"yyxx/index.html","parent":"古龍","collection":"Class"}
{"_id":"月落大地","URL":"yldd/index.html","parent":"上官鼎","collection":"Class"}
{"_id":"月魔","URL":"ym/index.html","parent":"黃易","collection":"Class"}
{"_id":"本尊分身","URL":"bzfs/index.html","parent":"李涼","collection":"Class"}
{"_id":"李涼","URL":"l/liliang/index.html","parent":"武俠小說","collection":"Class"}
{"_id":"李笑佛","URL":"l/lixiaofu/index.html","parent":"武俠小說","collection":"Class"}
{"_id":"李莫野","URL":"l/limoye/index.html","parent":"武俠小說","collection":"Class"}
{"_id":"杜甫","URL":"df/index.html","parent":"還珠樓主","collection":"Class"}
{"_id":"東方玉","URL":"d/dongfangyu/index.html","parent":"武俠小說","collection":"Class"}
{"_id":"東方白","URL":"d/dongfangbai/index.html","parent":"武俠小說","collection":"Class"}
{"_id":"東方第一劍","URL":"dfdyj/index.html","parent":"東方玉","collection":"Class"}
{"_id":"東方英","URL":"d/dongfangying/index.html","parent":"武俠小說","collection":"Class"}
{"_id":"松柏生","URL":"s/songbosheng/index.html","parent":"武俠小說","collection":"Class"}
{"_id":"极限","URL":"jx/index.html","parent":"司馬翎","collection":"Class"}
{"_id":"柳帝王","URL":"ldw/index.html","parent":"奇儒","collection":"Class"}
{"_id":"柳殘陽","URL":"l/liucanyang/index.html","parent":"武俠小說","collection":"Class"}
{"_id":"柳湖俠隱","URL":"lhxy/index.html","parent":"還珠樓主","collection":"Class"}
{"_id":"桃花傳奇","URL":"thcq/index.html","parent":"古龍","collection":"Class"}
{"_id":"桃花血令","URL":"thx/index.html","parent":"臥龍生","collection":"Class"}
{"_id":"梁羽生","URL":"l/liangyusheng/index.html","parent":"武俠小說","collection":"Class"}
{"_id":"梟中雄","URL":"xzx/index.html","parent":"柳殘陽","collection":"Class"}
{"_id":"梟霸","URL":"xb/index.html","parent":"柳殘陽","collection":"Class"}
{"_id":"楊小邪發威","URL":"yxxfw/index.html","parent":"李涼","collection":"Class"}
{"_id":"槍手·手槍","URL":"qssq/index.html","parent":"于東樓","collection":"Class"}
{"_id":"樂王","URL":"000/008.htm","parent":"黃易","collection":"Class"}
{"_id":"橫劍狂歌","URL":"hjkg/index.html","parent":"云中岳","collection":"Class"}
{"_id":"欲海神龍","URL":"yhsl/index.html","parent":"天宇","collection":"Class"}
{"_id":"歡樂奇俠","URL":"hlqx/index.html","parent":"李涼","collection":"Class"}
{"_id":"歡樂英雄","URL":"hlyx/index.html","parent":"古龍","collection":"Class"}
{"_id":"武出一片天地","URL":"wcyptd/index.html","parent":"奇儒","collection":"Class"}
{"_id":"武林外史","URL":"wlws/index.html","parent":"古龍","collection":"Class"}
{"_id":"武林天驕","URL":"wltj/index.html","parent":"梁羽生","collection":"Class"}
{"_id":"武林帝王","URL":"wldw/index.html","parent":"奇儒","collection":"Class"}
{"_id":"武林樵子","URL":"w/wulinqiaozi/index.html","parent":"武俠小說","collection":"Class"}
{"_id":"武林痴小子","URL":"wlcxz/index.html","parent":"金康","collection":"Class"}
{"_id":"武當一劍","URL":"wdyj/index.html","parent":"梁羽生","collection":"Class"}
{"_id":"武當七女","URL":"wdqn/index.html","parent":"還珠樓主","collection":"Class"}
{"_id":"武當异人傳","URL":"wdyrz/index.html","parent":"還珠樓主","collection":"Class"}
{"_id":"武道","URL":"wd/index.html","parent":"司馬翎","collection":"Class"}
{"_id":"歷史人物与武俠人物","URL":"jyfw/015.htm","parent":"金庸","collection":"Class"}
{"_id":"歷史性的一局棋","URL":"jyfw/006.htm","parent":"金庸","collection":"Class"}
{"_id":"殘肢令","URL":"czl/index.html","parent":"陳青云","collection":"Class"}
{"_id":"殺手新傳","URL":"ssxz/index.html","parent":"司馬紫煙","collection":"Class"}
{"_id":"殺手春秋","URL":"sscq/index.html","parent":"云中岳","collection":"Class"}
{"_id":"殺魔求道續","URL":"smqdx/index.html","parent":"武林樵子","collection":"Class"}
{"_id":"毒手佛心","URL":"dsfx/index.html","parent":"陳青云","collection":"Class"}
{"_id":"水晶人","URL":"sjr/index.html","parent":"黃鷹","collection":"Class"}
{"_id":"江和","URL":"j/jianghe/index.html","parent":"武俠小說","collection":"Class"}
{"_id":"江湖一擔皮","URL":"jhydp/index.html","parent":"李涼","collection":"Class"}
{"_id":"江湖三女俠","URL":"jhsnx/index.html","parent":"梁羽生","collection":"Class"}
{"_id":"江湖儿女","URL":"jhen/index.html","parent":"蕭逸","collection":"Class"}
{"_id":"江湖夜雨十年燈","URL":"jhyysnd/index.html","parent":"諸葛青云","collection":"Class"}
{"_id":"江湖急救站","URL":"jhjjz/index.html","parent":"李涼","collection":"Class"}
{"_id":"江湖雙響炮","URL":"jhsxp/index.html","parent":"李涼","collection":"Class"}
{"_id":"江湖風神幫","URL":"jhfsb/index.html","parent":"李莫野","collection":"Class"}
{"_id":"江漢屠龍","URL":"jhtl1/index.html","parent":"云中岳","collection":"Class"}
{"_id":"決戰前后","URL":"jzqh/index.html","parent":"古龍","collection":"Class"}
{"_id":"沈胜衣傳奇銀狼","URL":"ssycqyl/index.html","parent":"黃鷹","collection":"Class"}
{"_id":"沉沙谷","URL":"csg/index.html","parent":"上官鼎","collection":"Class"}
{"_id":"泉會俠蹤","URL":"qhxz/index.html","parent":"東方玉","collection":"Class"}
{"_id":"活寶小淘气","URL":"hbxtq/index.html","parent":"李涼","collection":"Class"}
{"_id":"流星蝴蝶劍","URL":"lxhdj/index.html","parent":"古龍","collection":"Class"}
{"_id":"浣花洗劍錄","URL":"hhxjl/index.html","parent":"古龍","collection":"Class"}
{"_id":"浩蕩江湖","URL":"hdjh/index.html","parent":"司馬翎","collection":"Class"}
{"_id":"浪蕩孽神","URL":"ldls/index.html","parent":"江和","collection":"Class"}
{"_id":"浮沉之主","URL":"fczz/index.html","parent":"黃易","collection":"Class"}
{"_id":"海天情侶","URL":"htql/index.html","parent":"墨余生","collection":"Class"}
{"_id":"海神","URL":"hais/index.html","parent":"謝天","collection":"Class"}
{"_id":"淘气世家","URL":"tqsj/index.html","parent":"李涼","collection":"Class"}
{"_id":"渡心指","URL":"dxz/index.html","parent":"柳殘陽","collection":"Class"}
{"_id":"游俠錄","URL":"yxl/index.html","parent":"古龍","collection":"Class"}
{"_id":"游劍京華","URL":"yjjh/index.html","parent":"司馬紫煙","collection":"Class"}
{"_id":"游劍江湖","URL":"yjjh/index.html","parent":"梁羽生","collection":"Class"}
{"_id":"湖漢群英","URL":"hhyx/index.html","parent":"云中岳","collection":"Class"}
{"_id":"湖祭","URL":"003/002.htm","parent":"黃易","collection":"Class"}
{"_id":"湘妃劍","URL":"xfj/index.html","parent":"古龍","collection":"Class"}
{"_id":"溫瑞安","URL":"w/wenruian/index.html","parent":"武俠小說","collection":"Class"}
{"_id":"滅世九絕","URL":"msjj/index.html","parent":"天宇","collection":"Class"}
{"_id":"滑頭傻小子","URL":"htsxz/index.html","parent":"李涼","collection":"Class"}
{"_id":"潘郎憔悴","URL":"plqc/index.html","parent":"蕭逸","collection":"Class"}
{"_id":"濁世情鴛","URL":"zsqy/index.html","parent":"云中岳","collection":"Class"}
{"_id":"瀚海雄風","URL":"hhxf/index.html","parent":"梁羽生","collection":"Class"}
{"_id":"瀝血伏龍","URL":"lxfl/index.html","parent":"柳殘陽","collection":"Class"}
{"_id":"烈日飛霜","URL":"lrfs/index.html","parent":"東方英","collection":"Class"}
{"_id":"烏金血劍","URL":"wjxj/index.html","parent":"黃易","collection":"Class"}
{"_id":"烽原豪俠","URL":"fyhx/index.html","parent":"上官鼎","collection":"Class"}
{"_id":"焚香論劍篇","URL":"fxljp/index.html","parent":"司馬翎","collection":"Class"}
{"_id":"無名島","URL":"wmd/index.html","parent":"東方玉","collection":"Class"}
{"_id":"無名神功","URL":"wmsg/index.html","parent":"鬼谷子","collection":"Class"}
{"_id":"無名蕭","URL":"wmx/index.html","parent":"臥龍生","collection":"Class"}
{"_id":"無名鎮","URL":"wmz/index.html","parent":"慕容美","collection":"Class"}
{"_id":"無情刀客有情天","URL":"wqdkyqt/index.html","parent":"云中岳","collection":"Class"}
{"_id":"無憂公主","URL":"wygz/index.html","parent":"蕭逸","collection":"Class"}
{"_id":"無憂少主","URL":"wysz/index.html","parent":"獨孤雁","collection":"Class"}
{"_id":"無敵勇士","URL":"wdys/index.html","parent":"司馬紫煙","collection":"Class"}
{"_id":"無极","URL":"w/wuji/index.html","parent":"武俠小說","collection":"Class"}
{"_id":"無极天淵","URL":"wjty/index.html","parent":"謝天","collection":"Class"}
{"_id":"無玷玉龍","URL":"wzyl/index.html","parent":"司馬紫煙","collection":"Class"}
{"_id":"無翼蝙蝠","URL":"wuyi/index.html","parent":"黃鷹","collection":"Class"}
{"_id":"燕子傳奇","URL":"yzcq/index.html","parent":"臥龍生","collection":"Class"}
{"_id":"燭影搖紅","URL":"zyyh/index.html","parent":"慕容美","collection":"Class"}
{"_id":"牧虎三山","URL":"mhss/index.html","parent":"柳殘陽","collection":"Class"}
{"_id":"牧野流星","URL":"mylx/index.html","parent":"梁羽生","collection":"Class"}
{"_id":"狂俠南宮鷹","URL":"kxngy/index.html","parent":"李涼","collection":"Class"}
{"_id":"狂俠天嬌魔女","URL":"kxtjmn/index.html","parent":"梁羽生","collection":"Class"}
{"_id":"狂風斷劍","URL":"kfdj/index.html","parent":"無极","collection":"Class"}
{"_id":"狂龍戲倩女","URL":"klxqn/index.html","parent":"憶文","collection":"Class"}
{"_id":"狼云傳","URL":"lyc/index.html","parent":"謝天","collection":"Class"}
{"_id":"獨孤紅","URL":"d/duguhong/index.html","parent":"武俠小說","collection":"Class"}
{"_id":"獨孤雁","URL":"d/duguyan/index.html","parent":"武俠小說","collection":"Class"}
{"_id":"獨手丐","URL":"dcg/index.html","parent":"還珠樓主","collection":"Class"}
{"_id":"獨行劍","URL":"dxj/index.html","parent":"司馬翎","collection":"Class"}
{"_id":"獵鷹","URL":"ly1/index.html","parent":"古龍","collection":"Class"}
{"_id":"獸性回歸","URL":"sxhg/index.html","parent":"黃易","collection":"Class"}
{"_id":"獼佗羅漢","URL":"mtlh/index.html","parent":"無极","collection":"Class"}
{"_id":"玉兔東升","URL":"ytds/index.html","parent":"蕭逸","collection":"Class"}
{"_id":"玉扇神劍","URL":"yssj/index.html","parent":"曹若冰","collection":"Class"}
{"_id":"玉手點將錄","URL":"ysdjl/index.html","parent":"臥龍生","collection":"Class"}
{"_id":"玉玲瓏·玲瓏玉","URL":"yll/index.html","parent":"司馬紫煙","collection":"Class"}
{"_id":"玉辟邪","URL":"ypx/index.html","parent":"東方玉","collection":"Class"}
{"_id":"玉鉤斜","URL":"ygx/index.html","parent":"司馬翎","collection":"Class"}
{"_id":"玉露劍童","URL":"yljt/index.html","parent":"司馬紫煙","collection":"Class"}
{"_id":"王者之劍","URL":"wzzj/index.html","parent":"易容","collection":"Class"}
{"_id":"珍珠令","URL":"zzl/index.html","parent":"東方玉","collection":"Class"}
{"_id":"瑤台五鳳","URL":"ytwf/index.html","parent":"司馬紫煙","collection":"Class"}
{"_id":"瓊海騰蛟","URL":"qhtj/index.html","parent":"墨余生","collection":"Class"}
{"_id":"甘十九妹","URL":"gsjm/index.html","parent":"蕭逸","collection":"Class"}
{"_id":"生死決","URL":"ssj/index.html","parent":"無极","collection":"Class"}
{"_id":"男子漢","URL":"nzh/index.html","parent":"獨孤紅","collection":"Class"}
{"_id":"留春谷","URL":"lcg/index.html","parent":"慕容美","collection":"Class"}
{"_id":"畫眉鳥","URL":"hmn/index.html","parent":"古龍","collection":"Class"}
{"_id":"當代武俠小說之王還珠樓主","URL":"xg/003.htm","parent":"還珠樓主","collection":"Class"}
{"_id":"疆尸先生","URL":"jsxs/index.html","parent":"黃鷹","collection":"Class"}
{"_id":"白如云","URL":"bry/index.html","parent":"蕭逸","collection":"Class"}
{"_id":"白玉老虎","URL":"bylh/index.html","parent":"古龍","collection":"Class"}
{"_id":"白玉雕龍","URL":"bydl/index.html","parent":"古龍","collection":"Class"}
{"_id":"白發魔女傳","URL":"bfmnz/index.html","parent":"梁羽生","collection":"Class"}
{"_id":"白馬嘯西風","URL":"002/002.htm","parent":"金庸","collection":"Class"}
{"_id":"白骨令","URL":"bgl/index.html","parent":"司馬翎","collection":"Class"}
{"_id":"白骷髏","URL":"bkl/index.html","parent":"還珠樓主","collection":"Class"}
{"_id":"百敗小贏家","URL":"bbxyj/index.html","parent":"李涼","collection":"Class"}
{"_id":"皋蘭异人傳","URL":"glyrz/index.html","parent":"還珠樓主","collection":"Class"}
{"_id":"矛盾天師","URL":"mdts/index.html","parent":"李涼","collection":"Class"}
{"_id":"短刀行","URL":"ddx/index.html","parent":"于東樓","collection":"Class"}
{"_id":"矯燕雄鷹","URL":"jyxy/index.html","parent":"云中岳","collection":"Class"}
{"_id":"石劍春秋","URL":"sjcq/index.html","parent":"陳青云","collection":"Class"}
{"_id":"石鼓歌","URL":"sgg/index.html","parent":"東方玉","collection":"Class"}
{"_id":"砍向達摩的一刀","URL":"kxdmdyd/index.html","parent":"奇儒","collection":"Class"}
{"_id":"破碎虛空","URL":"pcxk/index.html","parent":"黃易","collection":"Class"}
{"_id":"碧血劍","URL":"bxj/index.html","parent":"金庸","collection":"Class"}
{"_id":"碧血江南","URL":"bxjn/index.html","parent":"云中岳","collection":"Class"}
{"_id":"碧血洗銀槍","URL":"bxxyq/index.html","parent":"古龍","collection":"Class"}
{"_id":"神偷小千","URL":"stxq/index.html","parent":"李涼","collection":"Class"}
{"_id":"神州豪俠傳","URL":"szhxz/index.html","parent":"臥龍生","collection":"Class"}
{"_id":"神手無相","URL":"sswx/index.html","parent":"柳殘陽","collection":"Class"}
{"_id":"神鑒奇俠","URL":"sjqx/index.html","parent":"江和","collection":"Class"}
{"_id":"神雕俠侶","URL":"sdxl/index.html","parent":"金庸","collection":"Class"}
{"_id":"离別羽","URL":"lby/index.html","parent":"鬼谷子","collection":"Class"}
{"_id":"秋夢痕","URL":"q/qiumengheng/index.html","parent":"武俠小說","collection":"Class"}
{"_id":"空香谷","URL":"kxg/index.html","parent":"曹若冰","collection":"Class"}
{"_id":"竹与劍","URL":"zyj/index.html","parent":"柳殘陽","collection":"Class"}
{"_id":"笑傲江湖","URL":"xajh/index.html","parent":"金庸","collection":"Class"}
{"_id":"笑笑江湖","URL":"xxjh/index.html","parent":"李涼","collection":"Class"}
{"_id":"笑解金刀","URL":"xjjd/index.html","parent":"蕭逸","collection":"Class"}
{"_id":"紅塵碧玉","URL":"hcby/index.html","parent":"云中岳","collection":"Class"}
{"_id":"紅殺","URL":"hs/index.html","parent":"謝天","collection":"Class"}
{"_id":"紅粉干戈","URL":"hfgg/index.html","parent":"司馬翎","collection":"Class"}
{"_id":"紅線金丸","URL":"hxjw/index.html","parent":"蕭逸","collection":"Class"}
{"_id":"紅頂記","URL":"hdj/index.html","parent":"李涼","collection":"Class"}
{"_id":"紙刀","URL":"zd/index.html","parent":"高庸","collection":"Class"}
{"_id":"紫拐烏弓","URL":"zgwg/index.html","parent":"司馬紫煙","collection":"Class"}
{"_id":"紫玉釵","URL":"zyc/index.html","parent":"司馬紫煙","collection":"Class"}
{"_id":"紫青雙劍錄(卷一)","URL":"zqsjl/index.html","parent":"倪匡","collection":"Class"}
{"_id":"紫龍佩","URL":"zlp/index.html","parent":"墨余生","collection":"Class"}
{"_id":"絕不低頭(","URL":"jbdt/index.html","parent":"古龍","collection":"Class"}
{"_id":"絕代梟雄","URL":"jdxx/index.html","parent":"云中岳","collection":"Class"}
{"_id":"絕代雙驕","URL":"jdsj/index.html","parent":"古龍","collection":"Class"}
{"_id":"絕塞傳烽錄","URL":"jscfl/index.html","parent":"梁羽生","collection":"Class"}
{"_id":"絕毒斷腸","URL":"jddc/index.html","parent":"李笑佛","collection":"Class"}
{"_id":"絳雪玄霜","URL":"jxxs/index.html","parent":"臥龍生","collection":"Class"}
{"_id":"綠珠傳","URL":"000/001.htm","parent":"劉錚","collection":"Class"}
{"_id":"縛虎手","URL":"fhs/index.html","parent":"云中岳","collection":"Class"}
{"_id":"縱鶴擒龍","URL":"zhql/index.html","parent":"東方玉","collection":"Class"}
{"_id":"繡花大盜","URL":"xhdd/index.html","parent":"古龍","collection":"Class"}
{"_id":"繡衣云鬢","URL":"xyyb/index.html","parent":"憶文","collection":"Class"}
{"_id":"繡衣云鬢續","URL":"xyybx/index.html","parent":"憶文","collection":"Class"}
{"_id":"續紫龍佩","URL":"xzlp/index.html","parent":"墨余生","collection":"Class"}
{"_id":"纖手馭龍","URL":"qsyl/index.html","parent":"司馬翎","collection":"Class"}
{"_id":"网","URL":"w/index.html","parent":"謝天","collection":"Class"}
{"_id":"羅剎女","URL":"lsn/index.html","parent":"黃鷹","collection":"Class"}
{"_id":"群狐","URL":"qh/index.html","parent":"古龍","collection":"Class"}
{"_id":"翼人影無雙","URL":"yryws/index.html","parent":"還珠樓主","collection":"Class"}
{"_id":"聯劍風云錄","URL":"ljfyl/index.html","parent":"梁羽生","collection":"Class"}
{"_id":"胭脂劫","URL":"yzj/index.html","parent":"司馬翎","collection":"Class"}
{"_id":"胭脂寶刀","URL":"yzbd/index.html","parent":"高庸","collection":"Class"}
{"_id":"腦域感應","URL":"nygy/index.html","parent":"無极","collection":"Class"}
{"_id":"臥龍峽風云","URL":"wlxfy/index.html","parent":"還珠樓主","collection":"Class"}
{"_id":"臥龍生","URL":"w/wolongsheng/index.html","parent":"武俠小說","collection":"Class"}
{"_id":"芙蓉劫","URL":"frj/index.html","parent":"司馬紫煙","collection":"Class"}
{"_id":"英雄淚","URL":"yxl/index.html","parent":"慕容美","collection":"Class"}
{"_id":"英雄無淚","URL":"yxwl/index.html","parent":"古龍","collection":"Class"}
{"_id":"草澤潛龍","URL":"ccql/index.html","parent":"云中岳","collection":"Class"}
{"_id":"草莽芳華","URL":"cmfh/index.html","parent":"云中岳","collection":"Class"}
{"_id":"草莽龍蛇傳","URL":"cmlsz/index.html","parent":"梁羽生","collection":"Class"}
{"_id":"荊楚爭雄記","URL":"jczxj/index.html","parent":"黃易","collection":"Class"}
{"_id":"荒誕殘夢","URL":"hdcm/index.html","parent":"無极","collection":"Class"}
{"_id":"荒野游龍","URL":"hyyl/index.html","parent":"司馬紫煙","collection":"Class"}
{"_id":"莽原魔豹","URL":"mymb/index.html","parent":"云中岳","collection":"Class"}
{"_id":"莽野神龍","URL":"mysl/index.html","parent":"云中岳","collection":"Class"}
{"_id":"菊花的刺","URL":"jhdc/index.html","parent":"古龍","collection":"Class"}
{"_id":"菜鳥闖江湖","URL":"cncjh/index.html","parent":"臥龍生","collection":"Class"}
{"_id":"菩提劍","URL":"ptj/index.html","parent":"司馬紫煙","collection":"Class"}
{"_id":"華岳童子","URL":"hytz/index.html","parent":"獨孤雁","collection":"Class"}
{"_id":"萍蹤俠影錄","URL":"pzxyl/index.html","parent":"梁羽生","collection":"Class"}
{"_id":"蒼穹神劍","URL":"cqsj/index.html","parent":"古龍","collection":"Class"}
{"_id":"蒼鷹","URL":"cy/index.html","parent":"柳殘陽","collection":"Class"}
{"_id":"蓋世雄風","URL":"gsxf/index.html","parent":"東方白","collection":"Class"}
{"_id":"蕩魔志","URL":"dmz/index.html","parent":"柳殘陽","collection":"Class"}
{"_id":"蕭十一郎","URL":"xsyl/index.html","parent":"古龍","collection":"Class"}
{"_id":"蕭湘月","URL":"xxy/index.html","parent":"司馬紫煙","collection":"Class"}
{"_id":"蕭逸","URL":"x/xiaoyi/index.html","parent":"武俠小說","collection":"Class"}
{"_id":"蘆野俠蹤","URL":"lyxz/index.html","parent":"上官鼎","collection":"Class"}
{"_id":"虎爪山王","URL":"hzsw/index.html","parent":"還珠樓主","collection":"Class"}
{"_id":"虎膽雄風","URL":"hdxf/index.html","parent":"云中岳","collection":"Class"}
{"_id":"蛟索縛龍","URL":"jsfl/index.html","parent":"云中岳","collection":"Class"}
{"_id":"蜀山·還珠·奇","URL":"xg/009.htm","parent":"還珠樓主","collection":"Class"}
{"_id":"蜀山劍俠傳","URL":"ssjxz/index.html","parent":"還珠樓主","collection":"Class"}
{"_id":"蜀山劍俠后傳","URL":"ssjxhz/index.html","parent":"還珠樓主","collection":"Class"}
{"_id":"蜀山劍俠新傳","URL":"ssjxxz/index.html","parent":"還珠樓主","collection":"Class"}
{"_id":"蜀道難","URL":"xg/007.htm","parent":"還珠樓主","collection":"Class"}
{"_id":"蝙蝠俠","URL":"bfx/index.html","parent":"古龍","collection":"Class"}
{"_id":"蝶夢","URL":"000/005.htm","parent":"黃易","collection":"Class"}
{"_id":"蟬翼傳奇","URL":"cycq/index.html","parent":"奇儒","collection":"Class"}
{"_id":"蠻荒俠隱","URL":"mhxy/index.html","parent":"還珠樓主","collection":"Class"}
{"_id":"血刀江湖載酒行","URL":"xdjhzjx/index.html","parent":"柳殘陽","collection":"Class"}
{"_id":"血劍狂人","URL":"xjkr/index.html","parent":"陳青云","collection":"Class"}
{"_id":"血劍蘭心","URL":"xuejian/index.html","parent":"云中岳","collection":"Class"}
{"_id":"血嫁","URL":"xj/index.html","parent":"高庸","collection":"Class"}
{"_id":"血帖亡魂記","URL":"xtwhj/index.html","parent":"陳青云","collection":"Class"}
{"_id":"血斧","URL":"xf/index.html","parent":"柳殘陽","collection":"Class"}
{"_id":"血海飄香","URL":"xhpx/index.html","parent":"古龍","collection":"Class"}
{"_id":"血滴神刀","URL":"xdsd/index.html","parent":"獨孤紅","collection":"Class"}
{"_id":"血羽檄","URL":"xyx/index.html","parent":"司馬翎","collection":"Class"}
{"_id":"血雨濺花紅","URL":"xyjhh/index.html","parent":"蕭逸","collection":"Class"}
{"_id":"血魔","URL":"xm/index.html","parent":"臥龍生","collection":"Class"}
{"_id":"血鸚鵡","URL":"xyw/index.html","parent":"黃鷹","collection":"Class"}
{"_id":"袁崇煥評傳","URL":"jyfw/016.htm","parent":"金庸","collection":"Class"}
{"_id":"覆雨翻云","URL":"fyfy/index.html","parent":"黃易","collection":"Class"}
{"_id":"解剖《蜀山》","URL":"xg/010.htm","parent":"還珠樓主","collection":"Class"}
{"_id":"解語劍","URL":"jyj/index.html","parent":"司馬紫煙","collection":"Class"}
{"_id":"記還珠樓主","URL":"xg/002.htm","parent":"還珠樓主","collection":"Class"}
{"_id":"訛詐","URL":"hz/index.html","parent":"無极","collection":"Class"}
{"_id":"談各國象棋","URL":"jyfw/009.htm","parent":"金庸","collection":"Class"}
{"_id":"論《蜀山》后傳之真偽","URL":"xg/012.htm","parent":"還珠樓主","collection":"Class"}
{"_id":"論還珠的“入世”小說","URL":"xg/015.htm","parent":"還珠樓主","collection":"Class"}
{"_id":"諸神之戰","URL":"zszz/index.html","parent":"黃易","collection":"Class"}
{"_id":"諸葛青云","URL":"z/zhugeqingyun/index.html","parent":"武俠小說","collection":"Class"}
{"_id":"謝天","URL":"x/xietian/index.html","parent":"武俠小說","collection":"Class"}
{"_id":"護花人","URL":"hhr/index.html","parent":"云中岳","collection":"Class"}
{"_id":"護花鈴","URL":"hhl/index.html","parent":"古龍","collection":"Class"}
{"_id":"賭坊恩仇","URL":"dfec/index.html","parent":"獨孤紅","collection":"Class"}
{"_id":"起舞蓮花劍","URL":"qwlhj/index.html","parent":"東方玉","collection":"Class"}
{"_id":"起解山庄","URL":"qjsz/index.html","parent":"柳殘陽","collection":"Class"}
{"_id":"超味大霸主","URL":"cwdbz/index.html","parent":"金康","collection":"Class"}
{"_id":"超級戰士","URL":"cjzs/index.html","parent":"黃易","collection":"Class"}
{"_id":"超腦","URL":"003/1.htm","parent":"黃易","collection":"Class"}
{"_id":"超霸的男人","URL":"cbdnr/index.html","parent":"李涼","collection":"Class"}
{"_id":"越女劍","URL":"000/002.htm","parent":"金庸","collection":"Class"}
{"_id":"越女劍（英文版）","URL":"jyfw/001.htm","parent":"金庸","collection":"Class"}
{"_id":"踏莎行","URL":"tsx/index.html","parent":"武林樵子","collection":"Class"}
{"_id":"辣情霸色","URL":"lqbs/index.html","parent":"東方英","collection":"Class"}
{"_id":"迷失的永恒","URL":"msdyh/index.html","parent":"黃易","collection":"Class"}
{"_id":"追獵八百里","URL":"zlbbl/index.html","parent":"黃鷹","collection":"Class"}
{"_id":"連城訣","URL":"lcj/index.html","parent":"金庸","collection":"Class"}
{"_id":"逸鳳引凰","URL":"yfyh/index.html","parent":"云中岳","collection":"Class"}
{"_id":"還劍奇情錄","URL":"hjqql/index.html","parent":"梁羽生","collection":"Class"}
{"_id":"還原靈功","URL":"hylg/index.html","parent":"鬼谷子","collection":"Class"}
{"_id":"還珠樓主","URL":"h/huanzhulouzhu/index.html","parent":"武俠小說","collection":"Class"}
{"_id":"還珠樓主小說年表","URL":"xg/016.htm","parent":"還珠樓主","collection":"Class"}
{"_id":"還珠樓主論","URL":"hzlz/index.html","parent":"還珠樓主","collection":"Class"}
{"_id":"邊城刀聲","URL":"bcds/index.html","parent":"古龍","collection":"Class"}
{"_id":"邊城浪子","URL":"bclz/index.html","parent":"古龍","collection":"Class"}
{"_id":"邊塞英雄譜","URL":"bsyxp/index.html","parent":"還珠樓主","collection":"Class"}
{"_id":"那一劍的風情(","URL":"nyjdfq/index.html","parent":"古龍","collection":"Class"}
{"_id":"邪神傳","URL":"xieshen/index.html","parent":"云中岳","collection":"Class"}
{"_id":"邪神門徒","URL":"xsmt/index.html","parent":"柳殘陽","collection":"Class"}
{"_id":"邪道笑魔","URL":"xiedao/index.html","parent":"云中岳","collection":"Class"}
{"_id":"都市游俠","URL":"dsyx/index.html","parent":"謝天","collection":"Class"}
{"_id":"酒俠神醫","URL":"jxsy/index.html","parent":"還珠樓主","collection":"Class"}
{"_id":"酒狂任小賭","URL":"jkrxd/index.html","parent":"李涼","collection":"Class"}
{"_id":"醉書生","URL":"zss/index.html","parent":"陳青云","collection":"Class"}
{"_id":"醉杖門生","URL":"zzms/index.html","parent":"云中岳","collection":"Class"}
{"_id":"野雄成龍","URL":"yxcl/index.html","parent":"東方英","collection":"Class"}
{"_id":"金令情潮","URL":"jlqc/index.html","parent":"上官鼎","collection":"Class"}
{"_id":"金劍雕翎","URL":"jjdl/index.html","parent":"臥龍生","collection":"Class"}
{"_id":"金康","URL":"j/jinkang/index.html","parent":"武俠小說","collection":"Class"}
{"_id":"金庸","URL":"j/jingyong/index.html","parent":"武俠小說","collection":"Class"}
{"_id":"金庸作品集(三聯版)序","URL":"jyfw/014.htm","parent":"金庸","collection":"Class"}
{"_id":"金庸北大講演紀錄","URL":"000/001.htm","parent":"金庸","collection":"Class"}
{"_id":"金庸小傳","URL":"000/003.htm","parent":"金庸","collection":"Class"}
{"_id":"金庸新","URL":"j/jingyongxin/index.html","parent":"武俠小說","collection":"Class"}
{"_id":"金庸的中國歷史觀","URL":"jyfw/013.htm","parent":"金庸","collection":"Class"}
{"_id":"金浮圖","URL":"jft/index.html","parent":"司馬翎","collection":"Class"}
{"_id":"金瓜傳奇","URL":"jgcq/index.html","parent":"臥龍生","collection":"Class"}
{"_id":"金笛玉芙蓉","URL":"jdyfr/index.html","parent":"東方玉","collection":"Class"}
{"_id":"金筆點龍記","URL":"jbdlj/index.html","parent":"臥龍生","collection":"Class"}
{"_id":"金縷甲·秋水寒","URL":"jljqsh/index.html","parent":"東方玉","collection":"Class"}
{"_id":"金縷衣","URL":"jly/index.html","parent":"司馬翎","collection":"Class"}
{"_id":"金腰帶","URL":"000/004.htm","parent":"倪匡","collection":"Class"}
{"_id":"金菊四絕","URL":"jjsj/index.html","parent":"曹若冰","collection":"Class"}
{"_id":"金門圣女","URL":"jmsn/index.html","parent":"云中岳","collection":"Class"}
{"_id":"金雕盟","URL":"jdm/index.html","parent":"柳殘陽","collection":"Class"}
{"_id":"金雞三啼","URL":"jjst/index.html","parent":"蕭逸","collection":"Class"}
{"_id":"金鳳剪","URL":"jfj/index.html","parent":"臥龍生","collection":"Class"}
{"_id":"銀牛角","URL":"ynj/index.html","parent":"柳殘陽","collection":"Class"}
{"_id":"銀鉤賭坊","URL":"ygdf/index.html","parent":"古龍","collection":"Class"}
{"_id":"鋒鏑情潮","URL":"fdqc/index.html","parent":"云中岳","collection":"Class"}
{"_id":"錢學森夫婦的文章","URL":"jyfw/007.htm","parent":"金庸","collection":"Class"}
{"_id":"鏢旗","URL":"bq/index.html","parent":"臥龍生","collection":"Class"}
{"_id":"鐵劍朱痕","URL":"tjzh/index.html","parent":"諸葛青云","collection":"Class"}
{"_id":"鐵劍流星","URL":"tjlx/index.html","parent":"于東樓","collection":"Class"}
{"_id":"鐵劍紅顏","URL":"tjhy/index.html","parent":"古龍","collection":"Class"}
{"_id":"鐵拳","URL":"000/006.htm","parent":"倪匡","collection":"Class"}
{"_id":"鐵柱云旗","URL":"tzyq/index.html","parent":"司馬翎","collection":"Class"}
{"_id":"鐵漢妖狐","URL":"thyh/index.html","parent":"云中岳","collection":"Class"}
{"_id":"鐵笛子","URL":"tdz/index.html","parent":"還珠樓主","collection":"Class"}
{"_id":"鐵笛震武林","URL":"tdzwl/index.html","parent":"陳青云","collection":"Class"}
{"_id":"鐵筆春秋","URL":"tbcq/index.html","parent":"蕭逸","collection":"Class"}
{"_id":"鐵腳媳婦","URL":"tjxf/index.html","parent":"柳殘陽","collection":"Class"}
{"_id":"鐵蝙蝠","URL":"tbf/index.html","parent":"倪匡","collection":"Class"}
{"_id":"鐵血俠情傳","URL":"txxqz/index.html","parent":"柳殘陽","collection":"Class"}
{"_id":"鐵血柔情","URL":"txrq/index.html","parent":"令狐庸","collection":"Class"}
{"_id":"鐵騎令","URL":"tql/index.html","parent":"上官鼎","collection":"Class"}
{"_id":"長劍相思","URL":"cjxs/index.html","parent":"蕭逸","collection":"Class"}
{"_id":"長干行","URL":"cgx/index.html","parent":"上官鼎","collection":"Class"}
{"_id":"長眉真人專集","URL":"cmzrzj/index.html","parent":"還珠樓主","collection":"Class"}
{"_id":"開小說界千古未有之奇觀","URL":"xg/008.htm","parent":"還珠樓主","collection":"Class"}
{"_id":"關中九俠","URL":"nxym/index.html","parent":"還珠樓主","collection":"Class"}
{"_id":"關于“風云”","URL":"001/000.htm","parent":"馬榮成","collection":"Class"}
{"_id":"關于我的父親還珠樓主","URL":"xg/004.htm","parent":"還珠樓主","collection":"Class"}
{"_id":"關于金庸","URL":"about.htm","parent":"金庸","collection":"Class"}
{"_id":"關山万里飄客","URL":"gswlpk/index.html","parent":"柳殘陽","collection":"Class"}
{"_id":"關洛風云錄","URL":"glfyl/index.html","parent":"司馬翎","collection":"Class"}
{"_id":"降妖","URL":"xy/index.html","parent":"謝天","collection":"Class"}
{"_id":"陳青云","URL":"c/chenqingyun/index.html","parent":"武俠小說","collection":"Class"}
{"_id":"陸小鳳傳奇","URL":"lxfcq/index.html","parent":"古龍","collection":"Class"}
{"_id":"雙劍盟","URL":"sjm/index.html","parent":"令狐庸","collection":"Class"}
{"_id":"雙鳳旗","URL":"sfq/index.html","parent":"臥龍生","collection":"Class"}
{"_id":"雪劍冰心","URL":"xjbx/index.html","parent":"陳青云","collection":"Class"}
{"_id":"雪山飛狐","URL":"xsfh/index.html","parent":"金庸","collection":"Class"}
{"_id":"雪落馬蹄","URL":"xlmt/index.html","parent":"蕭逸","collection":"Class"}
{"_id":"雪魄梅魂","URL":"xpmh/index.html","parent":"獨孤紅","collection":"Class"}
{"_id":"霜月刀","URL":"syd/index.html","parent":"柳殘陽","collection":"Class"}
{"_id":"霸劍——十大殺手","URL":"bj/index.html","parent":"劉定堅","collection":"Class"}
{"_id":"霸槍艷血","URL":"bqyx/index.html","parent":"李涼","collection":"Class"}
{"_id":"霸海屠龍","URL":"bhtl/index.html","parent":"司馬翎","collection":"Class"}
{"_id":"霸海風云","URL":"bhfy/index.html","parent":"云中岳","collection":"Class"}
{"_id":"霸王煞星","URL":"bwsx/index.html","parent":"劍亭","collection":"Class"}
{"_id":"霹靂天网","URL":"pltw/index.html","parent":"云中岳","collection":"Class"}
{"_id":"霹靂薔薇","URL":"plqw/index.html","parent":"諸葛青云","collection":"Class"}
{"_id":"霹靂金蟬","URL":"pljc/index.html","parent":"東方英","collection":"Class"}
{"_id":"靈琴殺手","URL":"lqss/index.html","parent":"黃易","collection":"Class"}
{"_id":"青城十九俠","URL":"qcsjx/index.html","parent":"還珠樓主","collection":"Class"}
{"_id":"青天飛龍","URL":"qtfl/index.html","parent":"上官鼎","collection":"Class"}
{"_id":"青門十四俠","URL":"qmssx/index.html","parent":"還珠樓主","collection":"Class"}
{"_id":"面具","URL":"mj/index.html","parent":"謝天","collection":"Class"}
{"_id":"韋小寶這小家伙","URL":"000/005.htm","parent":"金庸","collection":"Class"}
{"_id":"響馬","URL":"xm/index.html","parent":"獨孤紅","collection":"Class"}
{"_id":"風云五劍","URL":"fywj/index.html","parent":"云中岳","collection":"Class"}
{"_id":"風云續集","URL":"fyxj/index.html","parent":"馬榮成","collection":"Class"}
{"_id":"風云雷電","URL":"fyld/index.html","parent":"梁羽生","collection":"Class"}
{"_id":"風塵三尺劍","URL":"fcscj/index.html","parent":"東方玉","collection":"Class"}
{"_id":"風塵怪俠","URL":"fcgx/index.html","parent":"云中岳","collection":"Class"}
{"_id":"風流老頑童","URL":"fllwt/index.html","parent":"令狐庸","collection":"Class"}
{"_id":"風清揚傳","URL":"fqyz/index.html","parent":"令狐庸","collection":"Class"}
{"_id":"風神再現","URL":"fszx/index.html","parent":"李莫野","collection":"Class"}
{"_id":"風鈴中的刀聲","URL":"flzdds/index.html","parent":"古龍","collection":"Class"}
{"_id":"風雨燕歸來","URL":"fyygl/index.html","parent":"臥龍生","collection":"Class"}
{"_id":"風雷震九洲","URL":"flzjz/index.html","parent":"梁羽生","collection":"Class"}
{"_id":"飄花令","URL":"phl/index.html","parent":"臥龍生","collection":"Class"}
{"_id":"飄香劍雨","URL":"pxjy/index.html","parent":"古龍","collection":"Class"}
{"_id":"飄香劍雨續","URL":"pxjyx/index.html","parent":"古龍","collection":"Class"}
{"_id":"飛刀，又見飛刀","URL":"fdyjfd/index.html","parent":"古龍","collection":"Class"}
{"_id":"飛燕惊龍","URL":"fyjl/index.html","parent":"臥龍生","collection":"Class"}
{"_id":"飛狐外傳","URL":"ffwz/index.html","parent":"金庸","collection":"Class"}
{"_id":"飛羽天關","URL":"fytg/index.html","parent":"司馬翎","collection":"Class"}
{"_id":"飛花逐月","URL":"fhzy/index.html","parent":"臥龍生","collection":"Class"}
{"_id":"飛鳳潛龍","URL":"ffql/index.html","parent":"梁羽生","collection":"Class"}
{"_id":"飛龍引","URL":"fly/index.html","parent":"東方玉","collection":"Class"}
{"_id":"飲馬流花河","URL":"ymlhh/index.html","parent":"蕭逸","collection":"Class"}
{"_id":"飲馬黃河","URL":"ymhh/index.html","parent":"司馬翎","collection":"Class"}
{"_id":"飲馬黃河續集","URL":"ymhhxj/index.html","parent":"司馬翎","collection":"Class"}
{"_id":"馬榮成","URL":"m/marongcheng/index.html","parent":"武俠小說","collection":"Class"}
{"_id":"馬踏邊關","URL":"mtbg/index.html","parent":"李涼","collection":"Class"}
{"_id":"馬鳴風蕭蕭","URL":"mmfxx/index.html","parent":"蕭逸","collection":"Class"}
{"_id":"騰龍谷","URL":"tlg/index.html","parent":"曹若冰","collection":"Class"}
{"_id":"高庸","URL":"g/gaoyong/index.html","parent":"武俠小說","collection":"Class"}
{"_id":"鬼啊！師父","URL":"ghsf/index.html","parent":"應天魚","collection":"Class"}
{"_id":"鬼堡","URL":"gb/index.html","parent":"陳青云","collection":"Class"}
{"_id":"鬼戀傳奇","URL":"glcq/index.html","parent":"古龍","collection":"Class"}
{"_id":"鬼谷子","URL":"g/guiguzi/index.html","parent":"武俠小說","collection":"Class"}
{"_id":"魅影魔蹤","URL":"mymz/index.html","parent":"云中岳","collection":"Class"}
{"_id":"魔劍惊龍","URL":"mjjl/index.html","parent":"云中岳","collection":"Class"}
{"_id":"魔女情潮","URL":"mlqc/index.html","parent":"云中岳","collection":"Class"}
{"_id":"魔女殿","URL":"000/004.htm","parent":"黃易","collection":"Class"}
{"_id":"魔手邪怪","URL":"msxg/index.html","parent":"李涼","collection":"Class"}
{"_id":"魔手飛環","URL":"msfh/index.html","parent":"于東樓","collection":"Class"}
{"_id":"魔渡眾生","URL":"mdzs/index.html","parent":"馬榮成","collection":"Class"}
{"_id":"魔王天書","URL":"mwts/index.html","parent":"司馬紫煙","collection":"Class"}
{"_id":"魔界寶典","URL":"mjbd/index.html","parent":"江和","collection":"Class"}
{"_id":"魔簫","URL":"mx/index.html","parent":"柳殘陽","collection":"Class"}
{"_id":"魚躍鷹飛","URL":"yyyf/index.html","parent":"蕭逸","collection":"Class"}
{"_id":"鳳凰劫","URL":"fhj/index.html","parent":"黃鷹","collection":"Class"}
{"_id":"鳳凰琴","URL":"fhq/index.html","parent":"劉錚","collection":"Class"}
{"_id":"鳳凰羅漢坐山虎","URL":"fhlhzsh/index.html","parent":"柳殘陽","collection":"Class"}
{"_id":"鳳栖昆侖","URL":"fqkl/index.html","parent":"蕭逸","collection":"Class"}
{"_id":"鳳舞九天","URL":"fwjt/index.html","parent":"古龍","collection":"Class"}
{"_id":"鳴鏑風云錄","URL":"mdfyl/index.html","parent":"梁羽生","collection":"Class"}
{"_id":"鴛鴦刀","URL":"001/001.htm","parent":"金庸","collection":"Class"}
{"_id":"鶴舞神州","URL":"hwsz/index.html","parent":"蕭逸","collection":"Class"}
{"_id":"鶴高飛","URL":"hgf/index.html","parent":"司馬翎","collection":"Class"}
{"_id":"鷲与鷹","URL":"jyy/index.html","parent":"司馬紫煙","collection":"Class"}
{"_id":"鷹揚天下","URL":"yytx/index.html","parent":"柳殘陽","collection":"Class"}
{"_id":"鹿鼎記","URL":"ldj/index.html","parent":"金庸","collection":"Class"}
{"_id":"黃易","URL":"h/huangyi/index.html","parent":"武俠小說","collection":"Class"}
{"_id":"黃鷹","URL":"h/huangying/index.html","parent":"武俠小說","collection":"Class"}
{"_id":"黑儒傳","URL":"hrz/index.html","parent":"陳青云","collection":"Class"}
{"_id":"黑孩儿","URL":"hhe/index.html","parent":"還珠樓主","collection":"Class"}
{"_id":"黑森林","URL":"hsl/index.html","parent":"還珠樓主","collection":"Class"}
{"_id":"黑白劍","URL":"hbj/index.html","parent":"臥龍生","collection":"Class"}
{"_id":"黑蜥蜴","URL":"hxy/index.html","parent":"黃鷹","collection":"Class"}
{"_id":"黑螞蟻","URL":"hmy/index.html","parent":"還珠樓主","collection":"Class"}
{"_id":"龍俠玉姬","URL":"lxyj/index.html","parent":"劍亭","collection":"Class"}
{"_id":"龍吟曲","URL":"lyq/index.html","parent":"蕭逸","collection":"Class"}
{"_id":"龍在江湖","URL":"lzjh/index.html","parent":"東方白","collection":"Class"}
{"_id":"龍孫","URL":"ls/index.html","parent":"東方玉","collection":"Class"}
{"_id":"龍山四友","URL":"lssy/index.html","parent":"還珠樓主","collection":"Class"}
{"_id":"龍神","URL":"ls/index.html","parent":"黃易","collection":"Class"}
{"_id":"龍虎山水寨","URL":"lhssz/index.html","parent":"應天魚","collection":"Class"}
{"_id":"龍虎斗京華","URL":"lhdjh/index.html","parent":"梁羽生","collection":"Class"}
{"_id":"龍虎風云榜","URL":"lhfyb/index.html","parent":"云中岳","collection":"Class"}
{"_id":"龍頭老大","URL":"ltld/index.html","parent":"柳殘陽","collection":"Class"}
{"_id":"龍馬江湖","URL":"lmjh/index.html","parent":"司馬翎","collection":"Class"}
{"_id":"龍鳳寶釵緣","URL":"lfbcy/index.html","parent":"梁羽生","collection":"Class"}
