{"_id":{"$oid":"5e37fc378fc64874fa3de2ea"},"collection":"Information","title":"天龍八部 ","author":"金庸","location":"英屬香港","lang":"\n中文","category":"\n武俠","type":"\n小說","publisher":"明河社","pubDate":"\n1963年","puDateZh":"\n1963年","format":"\n紙本","pages":"\n2130","lastBook":"連城訣","nextBook":"俠客行","abstract":["《天龍八部》是作家金庸的一部長篇武俠小說。由於《射鵰英雄傳》中曾提及喬峰為洪七公的前任者和段智興(一燈大師)的祖父和祖先，並曾提及大理段氏過去的事蹟，因此本書也可為「射鵰三部曲」的前傳。","金庸表示：“《天龍八部》部分表達了佛家的哲學思想，就是人生大多數是不幸的。佛家對人生比較悲觀，人生都要受苦，不管活得怎樣好，最後總要死，當然没辦法。佛家思想對人生真諦有深刻的理解。”[1]"],"background":["在新修版《釋名》中，金庸寫道：“本書故事發生于北宋哲宗元祐、紹聖年間，公元1094年前後。”以新修版為準，整个故事發生在从公元1092年元旦左右到公元1095年底大約四年左右的時間内。\n在小說中共出現過三次明確的紀年：第一次是甘寶寶送來鍾靈的生辰八字，鍾靈出生于乙卯年十二月初五，即公元1076年元月，但1076二月以后卻是農曆的丙辰年；第二次是少林大會召開于甲戌年十一月初十，即公元1094年十二月；第三次則是刀白鳳死前告知段延慶段譽的生日是壬子年十一月二十三，即公元1073年元月（1073二月后是農曆癸丑年）。小說開頭段譽結識鍾靈時，兩人的對話中表明鍾靈十六歲，段譽十九歲，後段正淳回憶自己十六年前的春天遇到甘寶寶，年底甘生鍾靈，因此可以確定故事開始于辛未年年底（即公元1092元旦左右）；天龍寺一戰後，鳩摩智耗時一个半月把段譽从大理帶到蘇州（逼段譽默寫六脈神劍劍譜時已“行二十余日”，“自此一路向東，又行了二十余日”），其時為公元1092年3月（杏花花期），段譽與蕭峰結拜時為19歲，蕭峰比他大11歲為30歲，冬天，蕭峰誤傷阿紫；“次年初夏”，即公元1093五月，蕭峰獵熊時遇耶律洪基，二人結拜，蕭自稱31歲，耶律洪基大他八歲為39歲，當年秋季，蕭峰助遼帝平叛，冬天游坦之行刺；又次年（公元1094年），虛竹在西夏皇宫遇公主時24歲（少林寺大會上葉二娘也說他24歲），同年稍後與段譽結拜時比段譽大三歲，段譽應該為21歲，十一月初十，少林寺武林盟主大會；再下一年（公元1095年）三月清明，銀川公主招親，五月段譽回到大理繼位，秋天蕭峰被囚，一个半月後群雄救出蕭峰，當年年底在雁門關外整个故事完結。","而據史料記載，段譽原型出生于1083年，比小說中人小10歲，耶律洪基出生于1032年，比小說中人大22歲，而楚王叛亂發生于公元1063年，比小說中早了30年，歷史上宋哲宗于公元1093親政，小說中則為1095年。另外宋朝時中國人習慣採用虛歲計齡，而小說中則採用周歲。"],"version":["連載版：1963年9月3日起在《明報》和新加坡《南洋商報》同時連載，歷經四年。金庸曾在連載期間外遊，請來倪匡代筆約一個月（四萬餘字），内容是慕容复和丁春秋在客店中大战，其间阿紫的眼睛被弄瞎。","修訂版：1978年结集出版时，金庸删去了倪匡写的大部分，但保留丁春秋弄瞎阿紫眼睛的情节，并在后文治好阿紫的眼睛。最後定本共五十回，回目標題連成五闋詞。修訂版於同年由臺灣遠景出版發行。","新修版：2005年世紀新修版中內容及結局有所改動，為金庸當中改變幅度最大，包括改變段譽與王語嫣戀情的結局、補足蕭遠山及慕容博的生平往事、蕭峰傳予虛竹「降龍十八掌」的情節、段譽與阿碧的義兄妹之情、無崖子、天山童姥、李秋水、丁春秋的多角戀；以及修正部分人物角色性格等等。"],"evaluate":["關於《天龍八部》一書，陳世驤評價說[7]：「然實一悲天憫人之作也......讀《天龍八部》必須不流讀，牢記住楔子一章，就可見「冤孽與超度」都發揮盡致。書中的人物情節，可謂無人不冤，有情皆孽，要寫到盡致非把常人常情都寫成離奇不可；書中的世界是朗朗世界到處藏著魍魎和鬼蜮，隨時予以驚奇的揭發與諷刺，要供出這樣一個可憐芸芸眾生的世界，如何能不教結構鬆散？這樣的人物情節和世界，背後籠罩著佛法的無邊大超脫，時而透露出來。而在每逢動人處，我們會感到希臘悲劇理論中所謂恐怖與憐憫。」","新修版《天龍八部》改編涉及劇情及人物性格，引起讀者及網友爭議，評價好壞兩極。"]}
