{"_id":"后記","URL":"052.htm","collection":"Object"}
{"_id":"第01章　青衫磊落險峰行","URL":"001.htm","collection":"Object"}
{"_id":"第02章　玉壁月華明","URL":"002.htm","collection":"Object"}
{"_id":"第03章　馬疾香幽","URL":"003.htm","collection":"Object"}
{"_id":"第04章　崖高人遠","URL":"004.htm","collection":"Object"}
{"_id":"第05章　微步轂紋生","URL":"005.htm","collection":"Object"}
{"_id":"第06章　誰家子弟誰家院","URL":"006.htm","collection":"Object"}
{"_id":"第07章　無計悔多情","URL":"007.htm","collection":"Object"}
{"_id":"第08章　虎嘯龍吟","URL":"008.htm","collection":"Object"}
{"_id":"第09章　換巢鸞鳳","URL":"009.htm","collection":"Object"}
{"_id":"第10章　劍气碧煙橫","URL":"010.htm","collection":"Object"}
{"_id":"第11章　向來痴","URL":"011.htm","collection":"Object"}
{"_id":"第12章　從此醉","URL":"012.htm","collection":"Object"}
{"_id":"第13章　水榭听香　指點群豪戲","URL":"013.htm","collection":"Object"}
{"_id":"第14章　劇飲千杯男儿事","URL":"014.htm","collection":"Object"}
{"_id":"第15章　杏子林中　商略平生義","URL":"015.htm","collection":"Object"}
{"_id":"第16章　昔時因","URL":"016.htm","collection":"Object"}
{"_id":"第17章　今日意","URL":"017.htm","collection":"Object"}
{"_id":"第18章　胡漢恩仇　須傾英雄淚","URL":"018.htm","collection":"Object"}
{"_id":"第19章　雖万千人吾往矣","URL":"019.htm","collection":"Object"}
{"_id":"第20章　悄立雁門，絕壁無余字","URL":"020.htm","collection":"Object"}
{"_id":"第21章　千里茫茫若夢","URL":"021.htm","collection":"Object"}
{"_id":"第22章　雙眸粲粲如星","URL":"022.htm","collection":"Object"}
{"_id":"第23章　塞上牛羊空許約","URL":"023.htm","collection":"Object"}
{"_id":"第24章　燭畔鬢云有舊盟","URL":"024.htm","collection":"Object"}
{"_id":"第25章　莽蒼踏雪行","URL":"025.htm","collection":"Object"}
{"_id":"第26章　赤手屠熊搏虎","URL":"026.htm","collection":"Object"}
{"_id":"第27章　金戈蕩寇鏖兵","URL":"027.htm","collection":"Object"}
{"_id":"第28章　草木殘生顱鑄鐵","URL":"028.htm","collection":"Object"}
{"_id":"第29章　虫豸凝寒掌作冰","URL":"029.htm","collection":"Object"}
{"_id":"第30章　揮洒縛豪英","URL":"030.htm","collection":"Object"}
{"_id":"第31章　輸贏成敗　又爭由人算","URL":"031.htm","collection":"Object"}
{"_id":"第32章　且自逍遙沒誰管","URL":"032.htm","collection":"Object"}
{"_id":"第33章　奈天昏地暗　斗轉星移","URL":"033.htm","collection":"Object"}
{"_id":"第34章　風驟緊　縹緲峰頭云亂","URL":"034.htm","collection":"Object"}
{"_id":"第35章　紅顏彈指老　剎那芳華","URL":"035.htm","collection":"Object"}
{"_id":"第36章　夢里真　真語真幻","URL":"036.htm","collection":"Object"}
{"_id":"第37章　同一笑　到頭万事俱空","URL":"037.htm","collection":"Object"}
{"_id":"第38章　糊涂醉　情長計短","URL":"038.htm","collection":"Object"}
{"_id":"第40章　卻試問　几時把痴心","URL":"040.htm","collection":"Object"}
{"_id":"第41章　燕云十八飛騎　奔騰如虎風煙舉","URL":"041.htm","collection":"Object"}
{"_id":"第42章　老魔小丑　豈堪一擊　胜之不武","URL":"042.htm","collection":"Object"}
{"_id":"第43章　王霸雄圖　血海深恨　盡歸塵土","URL":"043.htm","collection":"Object"}
{"_id":"第44章　念枉求美眷　良緣安在","URL":"044.htm","collection":"Object"}
{"_id":"第45章　枯井底　污泥處","URL":"045.htm","collection":"Object"}
{"_id":"第46章　酒罷問君三語","URL":"046.htm","collection":"Object"}
{"_id":"第47章　為誰開　茶花滿路","URL":"047.htm","collection":"Object"}
{"_id":"第48章　王孫落魄　怎生消得　楊枝玉露","URL":"048.htm","collection":"Object"}
{"_id":"第49章　敝屣榮華　浮云生死　此身何懼","URL":"049.htm","collection":"Object"}
{"_id":"第50章　教單于折箭　六軍辟易　奮英雄怒","URL":"050.htm","collection":"Object"}
{"_id":"第三十九回章　解不了　名韁系嗔貪","URL":"039.htm","collection":"Object"}
{"_id":"釋名","URL":"000.htm","collection":"Object"}
{"_id":"附錄　陳世驤先生書函","URL":"051.htm","collection":"Object"}
