{"_id":{"$oid":"5e37fcc2e0de769ef010df34"},"collection":"Works","movie":["1977年，《天龍八部》，邵氏公司，導演鮑學禮，編劇倪匡，李修賢飾段譽，恬妮飾木婉清，林珍奇飾鍾靈，思維飾段正淳，夏萍飾甘寶寶，徐少強飾古篤誠，楊澤霖飾褚萬里，元華飾神農幫弟子。","1982年，《幫規》，邵氏公司，導演徐小明，惠天賜、戴良純、谷鋒、白彪、陳觀泰、梁小龍。[8]","1982年，《新天龍八部》，香港新世紀影業公司，導演蕭笙，徐少强飾喬峰，湯鎮業飾段譽，黃日華飾虛竹，陳玉蓮飾王語嫣，惠天賜飾慕容復，高雄飾鳩摩智，林珍奇飾阿朱。[9]","1994年，《新天龍八部之天山童姥》（香港）導演錢永強，編劇張炭。林青霞飾李滄海/李秋水，鞏俐飾天山童姥，張敏飾阿紫，徐少強飾丁春秋，林文龙飾虛竹。"],"game":["天龍八部 (游戏)","天龍八部之六脉神剑 (游戏)","天龍八部 (MUD)","天龍八部之天佛降世"],"mobileGame":["天龍八部3D 專頁（繁體中文）"]}
